Word,Count
tkt,14669
black,2682
grain,2022
hex,1971
drive,1767
gloves,1641
leather,1597
premium,1511
steel,1503
type,1406
finish,1329
socket,1282
set,1253
battery,1196
zinc,1192
white,1183
goatskin,1155
pack,1111
blue,1075
safety,1024
series,1020
nrr,969
stainless,936
tape,912
paper,907
inch,894
yellow,874
coffee,861
cuff,855
split,835
bit,765
wrench,752
high,736
hand,736
original,728
grade,726
cell,725
drill,723
body,705
clear,676
standard,667
impact,642
heavy,640
orange,636
wipe,618
medium,608
fits,599
capacity,597
cowhide,587
air,574
beige,574
cable,568
cut,567
blade,567
pcs,566
green,560
material,557
bag,552
welding,547
head,541
color,537
palm,534
class,532
point,531
aerosol,528
red,526
yield,525
mtrade,517
dry,516
wireless,510
tool,503
coated,500
unlined,499
whiteblack,492
rust,490
din,479
aluminum,477
ply,476
ansiisea,472
carbon,466
hose,465
oal,462
energizerreg,462
cleaner,462
nitrile,456
led,454
duty,451
tan,446
gel,445
bottle,444
tip,442
low,442
plastic,436
usb,435
endura,430
plain,427
case,425
wire,417
gal,417
style,415
pro,413
sharpie,412
aaa,409
water,403
guardreg,401
tools,389
elastic,384
liquid,382
kit,378
brush,375
large,375
mens,374
adjustable,372
retractable,370
padlock,369
flat,367
glasses,365
keurig,362
professional,362
ultra,353
magnetic,353
spray,353
box,353
net,351
roll,350
dixie,350
protective,348
chemical,347
iphone,344
small,338
polyester,338
astm,338
permanent,334
cup,333
resistant,333
long,332
jobber,327
disposable,326
ear,324
roast,324
deg,323
glove,319
silver,317
fine,317
pad,316
pipe,315
cartridge,311
square,310
wall,305
thread,302
trash,302
logitech,301
noise,300
pen,299
hss,298
classic,292
tap,290
product,285
sheet,285
combination,284
alloy,283
plier,279
piece,278
adapter,269
food,268
foam,268
pens,266
cylinder,264
eartrade,262
purpose,261
mechanix,260
adhesive,260
mate,259
premoistened,258
key,256
markers,255
packet,255
gauge,254
industrial,253
reduction,252
flashlight,252
charger,251
label,251
saw,251
plugs,251
hiviz,248
screw,245
cap,242
filter,242
light,240
abrasive,240
handle,238
slotted,237
dri,236
heavyweight,236
wheel,234
pump,234
gray,233
erase,233
screwdriver,233
metal,231
brass,231
invista,231
power,230
pin,230
general,229
sugar,229
folgers,227
mechanical,227
free,226
lens,225
paint,224
cordless,223
shokz,222
spring,222
glass,221
tube,221
amazon,220
marker,219
mini,218
hard,218
milwaukee,218
sae,217
portable,216
tearaway,214
chain,214
pioneer,214
single,214
tie,213
notes,213
mouse,212
tru,211
rechargeable,211
winter,211
klein,210
compatible,210
ormadusreg,209
frame,209
round,208
protector,206
brown,205
natural,205
basics,203
holder,202
quick,201
pressure,201
shank,201
desk,200
gas,200
cotton,199
clean,199
thk,199
xlarge,198
energizer,197
pure,197
industr,195
mop,194
pentel,193
fully,193
protoreg,192
valve,192
insulated,191
end,191
cover,191
ratchet,190
utility,190
lock,189
file,189
mechanics,188
openrun,187
cord,187
super,186
toilet,186
gra,186
life,185
thirst,185
grit,183
duracellreg,183
rubber,182
office,182
sling,182
ring,181
lockout,181
clip,181
replacement,179
ipad,177
surface,176
mec,176
extension,176
bell,175
protect,175
postit,174
screen,173
tig,172
straight,171
plai,171
carhartt,169
electrical,169
knife,169
ergonomic,168
face,168
loctitereg,167
dia,167
hot,167
chisel,166
sign,165
alkaline,165
chrome,165
blackclear,164
solus,164
blend,163
pacific,163
towel,162
groove,162
scissors,161
cleaning,161
dual,161
ataglance,159
nut,159
pilot,158
keyboard,156
fullgrain,155
universal,155
bluetooth,155
avery,155
lxl,154
drink,154
glasse,153
toner,152
chair,152
privotrade,152
ink,152
indust,151
washer,151
pan,151
otterbox,151
assorted,150
punch,150
variety,149
coupling,149
new,149
lbs,148
copy,148
oxide,148
sleeve,147
hammer,147
digital,146
bar,146
wlarge,146
ringfully,146
work,146
goat,144
oil,143
scape,143
pvc,143
mtm,142
sports,142
storage,142
procellreg,141
energel,141
combo,141
clamp,141
jacket,139
endur,139
degf,138
apple,138
pocket,137
shield,137
floor,137
hole,137
finished,136
silicone,136
nylon,135
hdmi,135
expo,134
gearwrench,134
actual,134
shop,134
rock,134
pathways,134
headlamp,134
wipes,133
refill,132
clas,132
plug,132
french,132
laptop,131
wearreg,131
dust,130
performance,130
dish,130
certified,129
pliers,129
pick,129
soap,129
creamer,129
sticky,129
lithium,129
folding,129
sealant,129
strap,128
double,127
ball,126
plus,126
application,126
additional,125
zebra,124
compact,124
chocolate,124
grip,124
notebook,124
task,123
electric,122
angle,122
degreaser,122
jaw,121
lubricant,121
gojoreg,121
forge,120
manual,120
sorbent,120
poly,120
cutting,119
broom,119
connector,118
openear,117
connect,117
vanilla,117
extra,117
metric,117
primary,117
reciprocating,117
bic,116
rapicca,116
desktop,115
door,115
male,115
fastfit,115
bristle,115
deluxe,114
edge,114
hat,113
frameclear,113
die,113
hook,113
tea,112
flute,112
lig,112
arm,111
hardcase,111
base,111
cutter,111
ground,111
monitor,111
laser,111
flex,111
roller,110
count,110
number,110
recycled,109
gallon,109
tongue,109
voltage,109
stick,109
test,108
antifog,108
polycarbonate,108
popup,108
unsupported,107
belt,106
flap,105
mountain,105
soft,105
disinfectant,105
starbucks,105
trade,102
disinfecting,102
choicereg,102
process,102
gen,102
wide,101
mount,101
ubolt,101
labels,101
maximum,101
garden,101
donut,101
tpi,101
tubing,101
schedule,100
deep,100
multibit,100
max,100
boot,100
fuel,99
gun,99
duster,99
disc,98
pencil,98
board,98
coveralls,98
polyethylene,98
ansi,97
shackle,97
thermal,97
drum,97
freshener,97
linin,96
pail,96
cups,96
charging,96
multipurpose,96
scap,95
gear,95
use,95
reading,95
mix,95
perfume,95
handheld,95
ballpoint,95
debreg,95
instan,95
stee,95
flange,94
multi,94
earsofttrade,94
kitchen,94
driver,93
grinder,93
tapered,93
reduced,93
vacuum,93
binder,93
pieces,93
fit,92
dispenser,92
dark,92
fruit,91
backpack,91
rain,90
ratcheting,90
rtx,90
step,90
machine,90
self,90
dewalt,90
dril,90
brother,89
provisions,89
ste,89
rating,89
grease,88
half,88
gasket,88
polish,88
flame,88
fan,87
anodized,87
stand,87
fast,87
quartet,87
marine,87
visibility,87
waterproof,87
acceptabl,86
pla,86
slim,86
spiral,86
fin,86
glov,85
cutoff,85
carbide,85
tarp,85
pod,85
duracell,85
automatic,85
defender,85
ruled,85
bolt,84
car,84
outlet,84
container,84
safetyrated,84
torque,84
liner,84
lysol,84
sgel,83
ansell,83
acceptable,83
rod,83
scratch,83
strip,83
barricade,83
swivel,82
craftsman,82
headgear,82
displayport,82
anchor,82
insulating,82
vinyl,82
threaded,82
kcup,82
vis,81
wood,81
basictrade,81
blackstonereg,81
samsung,81
mesh,81
lined,81
detergent,81
coral,81
measure,81
clips,80
knit,80
pads,80
smart,80
detector,80
pist,80
uwnav,80
big,80
dawn,80
cloth,79
precision,79
indu,79
men,79
regular,79
organizer,79
output,79
hardwound,79
magenta,79
push,78
wet,78
bucket,78
wedge,77
plate,77
motor,77
zip,77
hrc,77
glidetrade,77
hanging,77
canbrush,77
pry,77
repair,76
golf,76
web,76
yearly,76
usbc,76
danger,76
penlight,75
band,75
tag,75
ankle,75
arc,75
trigger,74
indoor,74
rope,74
port,74
locking,74
bullet,74
powder,74
griptrade,73
allo,73
insect,73
iron,73
scotch,73
csa,73
heat,73
putty,73
brady,72
crystal,72
dart,72
bulb,72
shoe,71
curved,71
seal,71
coat,71
quencher,71
rugged,71
clipboard,71
maker,71
master,71
laundry,71
short,71
true,70
temperature,70
breakfast,70
printer,70
acrylic,70
penetrating,70
unslotted,70
arcfr,70
fragrancefree,69
bleach,69
microsoft,69
calendar,69
lemon,69
joint,69
colombian,69
taper,69
coppertop,68
respirator,68
continuous,68
agen,68
ratc,68
surge,68
fuse,68
caramel,67
flash,67
whiteboard,67
sanitizer,67
polywrap,67
dow,67
commercial,67
cam,67
bat,67
parka,66
perfectouch,66
ice,66
lumens,66
relaxed,66
fleece,66
subject,66
bowl,66
lumen,65
atpv,65
bottled,65
mounting,65
polymer,65
towels,64
mixed,64
sheets,64
open,64
conduit,64
cold,64
wick,64
tall,64
view,64
fragrance,64
nonsparking,64
weight,64
nyl,63
drawer,63
jug,63
vest,63
card,63
products,63
facial,63
collection,63
njoy,63
vbelt,63
fitting,63
nose,63
standar,63
swingline,63
flavors,62
intrinsic,62
headset,62
olight,62
protecti,62
cutend,62
extended,62
vapor,62
edc,62
iso,62
essential,62
jobsite,61
business,61
closure,61
outdoor,61
advanced,61
berry,60
hooks,60
house,60
packing,60
sca,60
volt,60
bright,59
rapid,59
custom,59
quenche,59
ghs,59
tech,59
calsq,59
insert,59
strawberry,59
riverreg,58
ptouch,58
liq,58
line,58
glade,58
rivet,58
letter,58
highlighter,58
navy,58
purified,58
gum,57
computer,57
squeeze,57
medic,57
sprayer,57
monthly,57
cushion,57
quality,57
extractor,57
faceshield,57
hasp,57
cart,57
tungsten,56
level,56
scr,56
tissue,56
rack,56
enter,56
nozzle,56
features,56
instant,56
vertical,55
station,55
brand,55
mat,55
cargo,55
meter,55
plated,55
cobalt,55
hydraulic,54
flexible,54
npt,54
cabinet,54
retaining,54
lead,54
speed,53
shoulder,53
feet,53
stock,53
hanger,53
preventative,52
clea,52
bulk,52
batteries,52
chest,51
bags,51
bearing,51
blac,51
narrow,51
diameter,51
center,50
package,50
electrode,50
cast,50
tank,50
copper,50
neoprene,49
female,49
milling,49
bold,49
fixed,49
form,49
organic,49
purple,49
lldpe,49
hood,48
smooth,48
connection,48
contact,48
range,48
foot,48
assembly,47
thickness,47
cooling,47
coverall,46
cat,46
eye,46
arbor,45
bimetal,45
honeywell,45
chemistry,45
drilling,45
solid,45
wrap,44
mater,44
beam,44
typ,44
dial,43
switch,43
bla,41
bare,41
gloss,40
rated,40
micron,40
model,40
basic,40
hub,40
measurement,39
wwgp,38
lid,38
link,38
filament,37
rpm,37
design,37
neck,36
inside,36
protection,36
bayonet,35
day,35
pair,35
awg,34
seat,34
bore,33
right,33
colo,33
degrees,33
nickel,31
density,30
time,30
construction,30
depth,29
wit,28
pods,28
maintenance,28
quantity,27
load,27
working,27
min,26
scent,26
nominal,25
liion,25
location,25
includes,24
strength,24
outside,24
star,24
guard,23
pattern,23
tensile,23
core,21
external,20
galvanized,20
cutt,19
nuts,18
poin,18
coating,18
recommended,17
aws,17
nema,16
shape,15
flow,14
med,13
housing,13
psi,13
imperial,13
creame,12
anti,12
temp,12
antistatic,12
legend,11
current,11
barb,11
fastener,11
manufacturing,11
coverage,9
ready,8
coarse,8
grainger,7
footwear,7
fvb,6
gender,6
unscented,5
welded,5
included,5
backing,5
classification,4
manufacturer,4
wwga,4
percent,3
surfaces,3
minimum,3
yel,2
industry,2
operating,2
common,1
required,1
dimensional,1
gradeclass,1
warehouse,1
kcu,1
direction,1
